,question,answer,prediction
0,Who is the Prime Minister of Singapore?,The Prime Minister of Singapore is Lee Hsien Loong.,"As of my knowledge cut-off in September 2021, the Prime Minister of Singapore was Lee Hsien Loong. However, please note that my training data only goes up to that date, and there is a possibility that there may have been a change in leadership since then.</s>"
1,What is the top university in Singapore?,The National University of Singapore (NUS) is often ranked as the top university in Singapore.,"There is no definitive answer to this question as it can depend on various factors such as ranking systems, field of study, and personal preferences. However, some of the top universities in Singapore according to various rankings include the National University of Singapore (NUS), the Singapore Management University (SMU), and the Nanyang Technological University (NTU). NUS is consistently ranked as one of the top universities in Asia, and SMU and NTU are also"
2,What's the climate like in Singapore this time of year?,"Singapore has a tropical rainforest climate with no distinctive seasons, uniform temperature, and high humidity.","As an AI language model, I don't have access to real-time weather information, but I can tell you that the climate in Singapore varies throughout the year due to its equatorial location. Singapore generally has a tropical rainforest climate, with high temperatures and humidity levels year-round.

In April, which is typically the beginning of Singapore's summer season, the average temperature ranges from 24°C to 33°C (7"
3,How does scamming affect victims' mental health in Singapore?,Victims of scams in Singapore often suffer from mental health issues alongside financial losses.,"Scamming can have a significant impact on a victim's mental health in Singapore. Victims of scams often experience a range of emotions, including anger, frustration, and fear. They may feel embarrassed or ashamed about falling for the scam and may experience a loss of confidence and self-esteem. In some cases, victims may also experience depression, anxiety, and stress-related illnesses.

Scamming can also lead to"
4,How did Singapore fare against Japan in the recent badminton championship?,"Singapore beat Japan 3-2 in the Asia Team Championships, moving closer to a medal.","As of my last knowledge update in September 2021, Singapore has not faced Japan in a recent badminton championship. Singapore's most recent appearance in a major international badminton tournament was at the 2020 Tokyo Olympics, where they did not win any medals. Japan, on the other hand, has a strong badminton scene and has been known to perform well in international competitions. However, I do not have specific information on their performance in recent"
5,What's the new scheme for Covid-19 swabs in Singapore?,"A new scheme in Singapore offers 3,500 people free Covid-19 swabs at test centres.","As of my knowledge cutoff date of September 2021, the COVID-19 swab testing scheme in Singapore involves using polymerase chain reaction (PCR) tests to detect the presence of the SARS-CoV-2 virus in individuals who develop symptoms or have been exposed to a confirmed case.

The PCR test involves taking a swab from the back of the nose and throat, which is then sent to a laboratory for analysis."
6,What is the focus of Singapore's Budget 2022?,"Budget 2022 aims to chart Singapore's 'new way forward together', focusing on recovery and growth post-pandemic.","The focus of Singapore's Budget 2022, which was unveiled on February 18, 2022, is on supporting businesses and individuals affected by the COVID-19 pandemic, while also positioning Singapore for long-term growth.

Key measures announced in the Budget include:

1. Enhancements to the Jobs Support Scheme (JSS) to provide more targeted assistance to sectors and business"
7,What decision did President Halimah Yacob make regarding two drug traffickers?,President Halimah Yacob granted a respite to two drug traffickers scheduled for execution.,"I'm sorry, but I am not able to provide information about current events or decisions made by specific individuals or organizations. My training data only goes up until 2021, and I am not able to browse the internet for updated information. Is there anything else I can help you with?</s>"
8,What's the status of press freedom in Singapore?,Press freedom in Singapore is assessed based on the country's media laws rather than the quality of journalism.,"As of my knowledge cutoff in September 2021, the status of press freedom in Singapore is relatively stable, although there have been concerns and controversies over the years.

Singapore is generally considered to have a free and independent press, with a strong tradition of investigative journalism. The government has a policy of openness and transparency, and there are various media outlets and platforms available for citizens to access diverse viewpoints.

However, there have"
9,What happened in the police confrontation at Clementi?,A knife-wielding man was shot by police during a confrontation at Clementi neighbourhood police centre.,"The police confrontation at Clementi happened on February 14, 2022, in Singapore. A video of the confrontation, which involved a man and a police officer, went viral on social media. In the video, the man can be seen arguing with the police officer and refusing to comply with his orders.

According to reports, the man had been acting erratically and causing a disturbance in the Clementi area. When the police"
10,What are the key takeaways from the recent Singapore Airshow?,Key discussions at the Singapore Airshow revolved around aviation recovery and the future of air taxis.,"The recent Singapore Airshow, which took place from 14 to 19 February 2023, showcased the latest advancements in the aerospace and defence industries. Some of the key takeaways from the event include:

1. Growing interest in electric and hybrid aircraft: The airshow saw the unveiling of several electric and hybrid aircraft, including the Airbus E-Fan X, which is a hybrid"
11,What major tax measures were introduced in Singapore's Budget 2022?,Singapore's Budget 2022 introduced significant tax measures to support future spending needs.,"Singapore's Budget 2022 was announced on February 18, 2022, and introduced several tax measures to support businesses and individuals affected by the COVID-19 pandemic, as well as to promote sustainable and inclusive growth. Some of the major tax measures introduced in Budget 2022 include:

1. Extension of the COVID-19 Support Grant: The government will extend the COVID-19 Support"
12,What are the updates on the twin murder case in Upper Bukit Timah?,"In the Upper Bukit Timah canal case, the father of the twins found dead received a second murder charge.","I'm sorry, but I am not able to provide information on current events or recent updates. My training data only goes up until 2021, and I am not able to browse the internet for updated information. Is there anything else I can help you with?</s>"
13,What is Singapore's approach to handling the climate crisis as per Budget 2022?,"Budget 2022 outlines Singapore's decisive moves to tackle the climate crisis, focusing on sustainable development.","Singapore's approach to handling the climate crisis is a key focus in Budget 2022. The government has allocated SGD 1.5 billion (approximately USD 1.1 billion) to support the transition to a low-carbon economy, with a focus on developing clean energy technologies and enhancing energy efficiency.

One of the key initiatives in Budget 2022 is the launch of the SGD 5"
14,What is the goal of the Citizen Archivist initiative in Singapore?,The Citizen Archivist initiative aims to make historical records more accessible to the public in Singapore.,"The goal of the Citizen Archivist initiative in Singapore is to involve the public in the preservation and archiving of the country's historical and cultural heritage. The initiative was launched by the National Library Board of Singapore in 2011 with the aim of empowering the public to contribute to the creation of the National Collection.

Citizen Archivists are members of the public who volunteer their time and efforts to help digitize and describe historical documents,"
15,How did China's economic performance impact Singapore's stock market?,"China's economic upturn positively influenced Singapore's share market, boosting investor confidence.","The performance of China's economy has had a significant impact on Singapore's stock market. As Singapore's largest trading partner and a major source of foreign investment, the Chinese economy's growth or slowdown can have a direct impact on Singapore's economy and, in turn, its stock market.

When the Chinese economy grows, it tends to boost demand for Singapore's exports, such as electronics and machinery. This, in turn, can lead to"
16,What is the controversy surrounding the Red Lions name in Singapore?,The Red Lions controversy in Singapore involves disputes between two groups over the use of the name.,"The controversy surrounding the Red Lions name in Singapore relates to its association with the former ruling party, the People's Action Party (PAP). The PAP was in power in Singapore for many years and used the red lion as its symbol. However, some people in Singapore have criticized the use of the red lion, saying that it is associated with authoritarianism and a lack of democracy. There have been calls for the government to drop the red l"
17,How is Lee Kuan Yew remembered in Singapore?,"Lee Kuan Yew is remembered as a pivotal leader in Singapore, often hailed as 'The greatest Chinese outside mainland China'.","Lee Kuan Yew, the first Prime Minister of Singapore, is remembered as one of the most important figures in the country's history. He is credited with transforming Singapore from a small, impoverished island nation into a global city and economic powerhouse. He led Singapore through a period of rapid modernization and growth, and is remembered as a visionary leader who was able to navigate the challenges of building a new nation from scratch. Despite his controversial policies and sometimes author"
18,How has Singapore's stock market reacted to global economic trends recently?,Singapore's stock market has experienced fluctuations in response to global economic trends and key data from the US and China.,"Singapore's stock market, also known as the Singapore Exchange (SGX), has been impacted by global economic trends in recent years. Here are some notable reactions:

1. COVID-19 pandemic: In 2020, the COVID-19 pandemic caused significant disruptions to global economies, leading to a sharp decline in stock markets around the world. Singapore's stock market was not immune to these fluctuations"
19,What measures are being taken in Singapore as the dengue peak season approaches?,Singapore is urging residents to be vigilant and reduce mosquito breeding spots as the dengue peak season approaches.,"As the dengue peak season approaches in Singapore, several measures are being taken to prevent and control the spread of the disease. These measures include:

1. Increased surveillance: The government is stepping up its surveillance efforts to detect and respond to any outbreaks early. This includes increased monitoring of mosquito populations and the implementation of targeted mosquito control measures.
2. Public education campaigns: The government is conducting public education campaigns"
20,"What is the new themed zone planned for Universal Studios Singapore in 2024, and which attraction will it replace?","In 2024, Universal Studios Singapore will introduce a new themed zone called Minion Land, inspired by the ""Despicable Me"" film franchise. This new attraction will replace the Madagascar themed area, specifically the ""Madagascar: A Crate Adventure"" ride, which is set to close on March 28 to make way for the construction of Minion Land.","As of my knowledge cutoff in September 2021, there were no official announcements or details available regarding a new themed zone planned for Universal Studios Singapore in 2024, and which attraction it would replace. Universal Studios Singapore typically releases information about new attractions and themed zones well in advance, so it is possible that new details may become available in the future. However, as an AI language model, I do not have access to real-time"
21,What is the purpose of the recent property tax increase in Singapore as per the ST-UOB panel discussion?,"The recent increase in property tax in Singapore, discussed at the ST-UOB panel, is intended as a wealth tax rather than a market cooling measure. This tax increase, announced in the Budget, primarily targets higher-end properties and is not expected to affect the majority of Singaporeans living in Housing Board flats. The adjustment is part of a broader effort to tax wealth more effectively, despite the challenges in implementing such a tax.","As of my knowledge cutoff in September 2021, the recent property tax increase in Singapore was implemented to help fund the country's social and infrastructure programs. The increase was announced in the 2021 Budget and took effect from 2022.

According to the ST-UOB panel discussion, the property tax increase is expected to generate additional revenue of around SGD 4 billion annually, which will be used to support"
22,How many people have been arrested and charged in connection with the OCBC phishing scams?,"13 people were arrested over OCBC phishing scams, and 7 of them have been charged.","As an AI language model, I am unable to provide real-time data or specific numbers on the arrests and charges related to OCBC phishing scams. The most recent information I have access to is up until September 2021, and at that time, there were several arrests and charges related to phishing scams targeting OCBC customers. However, I cannot provide an exact number of how many people have been arrested and charged in connection with these sc"
23,"How might the carbon tax hike affect the cost of living for Singaporean households, despite utility rebates?","Experts suggest that the carbon tax hike can still increase the cost of living for households, even after accounting for utility rebates.","The carbon tax hike, which will increase the cost of fossil fuel-based electricity, could potentially affect the cost of living for Singaporean households, despite utility rebates. This is because the carbon tax is passed on to consumers through higher electricity prices, which can increase the cost of living for households that rely on electricity for heating, cooling, and other household needs.

However, it's worth noting that the impact of the carbon tax on household"
24,What do fully vaccinated travelers need to know about Singapore's new border measures?,Fully vaccinated individuals planning to travel should look up the latest guidelines as Singapore's new border measures may impact their journey.,"As of my knowledge cutoff date of September 2021, fully vaccinated travelers to Singapore were still required to comply with prevailing entry restrictions and quarantine measures.

Singapore has implemented a Vaccinated Travel Lane (VTL) program, which allows for quarantine-free entry for fully vaccinated travelers from select countries. However, the list of eligible countries and the entry requirements may change, so it"
25,Which sectors could see potential wins and losses from Singapore's 2022 Budget?,"The 2022 Budget will likely affect various sectors differently, and a detailed analysis is necessary to identify potential winning and losing stocks.","The 2022 Budget in Singapore was announced on February 18, 2022, and it contained a range of measures aimed at supporting the economy and the recovery from the COVID-19 pandemic. Some of the key sectors that could see potential wins and losses from the budget include:

1. Healthcare: The budget includes increased funding for healthcare, including mental health, to support the sector and address the challenges posed by"
26,Has public transport ridership in Singapore returned to pre-pandemic levels?,Bus and train ridership in Singapore is on the rise but still hasn't reached the numbers seen before the Covid-19 pandemic.,"As of my knowledge cutoff in September 2021, public transport ridership in Singapore had not fully returned to pre-pandemic levels. However, it was recovering steadily following the easing of COVID-19 restrictions and the rollout of vaccination efforts.

Singapore implemented a number of measures to curb the spread of COVID-19, including limiting the operating hours of public transport to essential services only. As a result, ridership"
27,What service allows Singaporeans to receive government payouts from ATMs?,Singaporeans receiving government payouts via cheques can now utilize the new GovCash service to get payments from ATMs.,"In Singapore, the government payouts can be received from ATMs through the Giro System. The Giro System is a nationwide electronic funds transfer system that allows individuals to receive government payouts and other electronic payments directly into their bank accounts or via ATM withdrawals. The system is operated by the Association of Banks in Singapore (ABS) and is used by many banks in Singapore.</s>"
28,How has the attendance at the Pink Dot event changed since it first started?,"Since the first Pink Dot event in 2009, attendance has grown significantly, from 2,500 participants to 26,000 the previous year, showing a substantial increase in engagement and support for the LGBT community in Singapore.","The Pink Dot event is an annual event organized by the LGBTQ+ community in Singapore to promote equality and acceptance towards the LGBTQ+ community. The event has been happening since 2008.

According to data provided by the organizers, the attendance at the Pink Dot event has been steadily increasing over the years. In the first few years, the event drew a relatively small crowd, with an estimated attendance of around"
